<?xml version="1.0" encoding="UTF-8"?>
<project-private xmlns="http://www.netbeans.org/ns/project-private/1">
    <editor-bookmarks xmlns="http://www.netbeans.org/ns/editor-bookmarks/2" lastBookmarkId="0"/>
    <open-files xmlns="http://www.netbeans.org/ns/projectui-open-files/2">
        <group>
            <file>file:/D:/codebase/humhub/modules/humhub-modules-calendar/views/view/index.php</file>
            <file>file:/D:/codebase/humhub/modules/humhub-modules-calendar/widgets/views/fullCalendar.php</file>
            <file>file:/D:/codebase/humhub/modules/humhub-modules-calendar/Assets.php</file>
            <file>file:/D:/codebase/humhub/modules/humhub-modules-calendar/assets/fullcalendar.js</file>
            <file>file:/D:/codebase/humhub/modules/humhub-modules-calendar/assets/fullcalendar/fullcalendar.min.js</file>
            <file>file:/D:/codebase/humhub/modules/humhub-modules-calendar/controllers/ViewController.php</file>
            <file>file:/D:/codebase/humhub/modules/humhub-modules-calendar/models/CalendarEntry.php</file>
            <file>file:/D:/codebase/humhub/modules/humhub-modules-calendar/module.json</file>
        </group>
    </open-files>
</project-private>
